Workbook

Sheet Fleet Telematics & Risk
A1: Vehicle ID | B1: Driver Name | C1: Car Model | D1: Monthly KM | E1: Harsh Braking /100km | F1: Speeding Incidents | G1: Late Night % (11pm-4am) | H1: Rapid Accel Events | I1: Engine Temp (°C) | J1: Battery Voltage (V) | K1: Brake Wear % | L1: OBD Faults | M1: Driving Safety Score | N1: Risk Category | O1: Vehicle Health Score | P1: Maintenance Status | Q1: Base Premium (₹) | R1: Distance Surcharge (₹) | S1: Risk Adjustment (₹) | T1: Maintenance Buffer (₹) | U1: Dynamic Final Premium (₹) | V1: Flat Benchmark Premium (₹) | W1: Annual Driver Savings (₹)
A2: CAR-101 | B2: Aarav Sharma | C2: Hyundai Creta | D2: 650 | E2: 2 | F2: 1 | G2: 5 | H2: 1 | I2: 88 | J2: 12.6 | K2: 25 | L2: 0 | M2: =MAX(10, MIN(100, ROUND(100 - (E2*2.5) - (F2*3) - (G2*0.5) - (H2*1.5), 1))) -> 88 | N2: Low Risk | O2: 100 | P2: Good Condition | Q2: 15000 | R2: =ROUND((D2/1000)*2000, 0) -> 1300 | S2: =IF(M2>=80, -3000, IF(M2>=60, 0, 3750)) -> -3000 | T2: =IF(O2>=80, 0, IF(O2>=60, 500, 1500)) -> 0 | U2: =Q2+R2+S2+T2 -> 13300 | V2: 22000 | W2: =V2-U2 -> 8700
A3: CAR-102 | B3: Priya Nair | C3: Maruti Brezza | D3: 1200 | E3: 8 | F3: 6 | G3: 28 | H3: 5 | I3: 94 | J3: 12.1 | K3: 68 | L3: 1 | M3: =MAX(10, MIN(100, ROUND(100 - (E3*2.5) - (F3*3) - (G3*0.5) - (H3*1.5), 1))) -> 40.5 | N3: High Risk | O3: 45 | P3: Critical Maintenance | Q3: 15000 | R3: =ROUND((D3/1000)*2000, 0) -> 2400 | S3: =IF(M3>=80, -3000, IF(M3>=60, 0, 3750)) -> 3750 | T3: =IF(O3>=80, 0, IF(O3>=60, 500, 1500)) -> 1500 | U3: =Q3+R3+S3+T3 -> 22650 | V3: 22000 | W3: =V3-U3 -> -650
A4: CAR-103 | B4: Rohan Mehta | C4: Tata Nexon | D4: 480 | E4: 1 | F4: 0 | G4: 2 | H4: 0 | I4: 86 | J4: 12.7 | K4: 18 | L4: 0 | M4: =MAX(10, MIN(100, ROUND(100 - (E4*2.5) - (F4*3) - (G4*0.5) - (H4*1.5), 1))) -> 96.5 | N4: Low Risk | O4: 100 | P4: Good Condition | Q4: 15000 | R4: =ROUND((D4/1000)*2000, 0) -> 960 | S4: =IF(M4>=80, -3000, IF(M4>=60, 0, 3750)) -> -3000 | T4: =IF(O4>=80, 0, IF(O4>=60, 500, 1500)) -> 0 | U4: =Q4+R4+S4+T4 -> 12960 | V4: 22000 | W4: =V4-U4 -> 9040
A5: CAR-104 | B5: Sneha Kulkarni | C5: Mahindra XUV700 | D5: 1850 | E5: 12 | F5: 9 | G5: 35 | H5: 8 | I5: 104 | J5: 11.9 | K5: 82 | L5: 2 | M5: =MAX(10, MIN(100, ROUND(100 - (E5*2.5) - (F5*3) - (G5*0.5) - (H5*1.5), 1))) -> 13.5 | N5: High Risk | O5: 15 | P5: Critical Maintenance | Q5: 15000 | R5: =ROUND((D5/1000)*2000, 0) -> 3700 | S5: =IF(M5>=80, -3000, IF(M5>=60, 0, 3750)) -> 3750 | T5: =IF(O5>=80, 0, IF(O5>=60, 500, 1500)) -> 1500 | U5: =Q5+R5+S5+T5 -> 23950 | V5: 22000 | W5: =V5-U5 -> -1950
A6: CAR-105 | B6: Vikram Singh | C6: Honda City | D6: 820 | E6: 4 | F6: 2 | G6: 12 | H6: 2 | I6: 89 | J6: 12.5 | K6: 40 | L6: 0 | M6: =MAX(10, MIN(100, ROUND(100 - (E6*2.5) - (F6*3) - (G6*0.5) - (H6*1.5), 1))) -> 75 | N6: Moderate Risk | O6: 100 | P6: Good Condition | Q6: 15000 | R6: =ROUND((D6/1000)*2000, 0) -> 1640 | S6: =IF(M6>=80, -3000, IF(M6>=60, 0, 3750)) -> 0 | T6: =IF(O6>=80, 0, IF(O6>=60, 500, 1500)) -> 0 | U6: =Q6+R6+S6+T6 -> 16640 | V6: 22000 | W6: =V6-U6 -> 5360
A7: CAR-106 | B7: Ananya Roy | C7: Kia Seltos | D7: 950 | E7: 3 | F7: 2 | G7: 10 | H7: 2 | I7: 90 | J7: 12.6 | K7: 35 | L7: 0 | M7: =MAX(10, MIN(100, ROUND(100 - (E7*2.5) - (F7*3) - (G7*0.5) - (H7*1.5), 1))) -> 78.5 | N7: Moderate Risk | O7: 100 | P7: Good Condition | Q7: 15000 | R7: =ROUND((D7/1000)*2000, 0) -> 1900 | S7: =IF(M7>=80, -3000, IF(M7>=60, 0, 3750)) -> 0 | T7: =IF(O7>=80, 0, IF(O7>=60, 500, 1500)) -> 0 | U7: =Q7+R7+S7+T7 -> 16900 | V7: 22000 | W7: =V7-U7 -> 5100
A8: CAR-107 | B8: Karan Patel | C8: Tata Punch | D8: 1400 | E8: 9 | F8: 7 | G8: 22 | H8: 6 | I8: 96 | J8: 12.3 | K8: 60 | L8: 0 | M8: =MAX(10, MIN(100, ROUND(100 - (E8*2.5) - (F8*3) - (G8*0.5) - (H8*1.5), 1))) -> 36.5 | N8: High Risk | O8: 60 | P8: Inspection Due | Q8: 15000 | R8: =ROUND((D8/1000)*2000, 0) -> 2800 | S8: =IF(M8>=80, -3000, IF(M8>=60, 0, 3750)) -> 3750 | T8: =IF(O8>=80, 0, IF(O8>=60, 500, 1500)) -> 500 | U8: =Q8+R8+S8+T8 -> 22050 | V8: 22000 | W8: =V8-U8 -> -50
A9: CAR-108 | B9: Neha Gupta | C9: Maruti Baleno | D9: 520 | E9: 1 | F9: 1 | G9: 4 | H9: 1 | I9: 87 | J9: 12.8 | K9: 20 | L9: 0 | M9: =MAX(10, MIN(100, ROUND(100 - (E9*2.5) - (F9*3) - (G9*0.5) - (H9*1.5), 1))) -> 91 | N9: Low Risk | O9: 100 | P9: Good Condition | Q9: 15000 | R9: =ROUND((D9/1000)*2000, 0) -> 1040 | S9: =IF(M9>=80, -3000, IF(M9>=60, 0, 3750)) -> -3000 | T9: =IF(O9>=80, 0, IF(O9>=60, 500, 1500)) -> 0 | U9: =Q9+R9+S9+T9 -> 13040 | V9: 22000 | W9: =V9-U9 -> 8960
A10: CAR-109 | B10: Aditya Verma | C10: Toyota Hyryder | D10: 1100 | E10: 5 | F10: 4 | G10: 15 | H10: 3 | I10: 91 | J10: 12.4 | K10: 45 | L10: 0 | M10: =MAX(10, MIN(100, ROUND(100 - (E10*2.5) - (F10*3) - (G10*0.5) - (H10*1.5), 1))) -> 63.5 | N10: Moderate Risk | O10: 100 | P10: Good Condition | Q10: 15000 | R10: =ROUND((D10/1000)*2000, 0) -> 2200 | S10: =IF(M10>=80, -3000, IF(M10>=60, 0, 3750)) -> 0 | T10: =IF(O10>=80, 0, IF(O10>=60, 500, 1500)) -> 0 | U10: =Q10+R10+S10+T10 -> 17200 | V10: 22000 | W10: =V10-U10 -> 4800
A11: CAR-110 | B11: Divya Menon | C11: Hyundai Venue | D11: 780 | E11: 3 | F11: 1 | G11: 8 | H11: 1 | I11: 88 | J11: 12.5 | K11: 30 | L11: 0 | M11: =MAX(10, MIN(100, ROUND(100 - (E11*2.5) - (F11*3) - (G11*0.5) - (H11*1.5), 1))) -> 84 | N11: Low Risk | O11: 100 | P11: Good Condition | Q11: 15000 | R11: =ROUND((D11/1000)*2000, 0) -> 1560 | S11: =IF(M11>=80, -3000, IF(M11>=60, 0, 3750)) -> -3000 | T11: =IF(O11>=80, 0, IF(O11>=60, 500, 1500)) -> 0 | U11: =Q11+R11+S11+T11 -> 13560 | V11: 22000 | W11: =V11-U11 -> 8440
A12: CAR-111 | B12: Siddharth Das | C12: Mahindra Thar | D12: 2100 | E12: 14 | F12: 11 | G12: 40 | H12: 9 | I12: 102 | J12: 12 | K12: 88 | L12: 2 | M12: =MAX(10, MIN(100, ROUND(100 - (E12*2.5) - (F12*3) - (G12*0.5) - (H12*1.5), 1))) -> 10 | N12: High Risk | O12: 15 | P12: Critical Maintenance | Q12: 15000 | R12: =ROUND((D12/1000)*2000, 0) -> 4200 | S12: =IF(M12>=80, -3000, IF(M12>=60, 0, 3750)) -> 3750 | T12: =IF(O12>=80, 0, IF(O12>=60, 500, 1500)) -> 1500 | U12: =Q12+R12+S12+T12 -> 24450 | V12: 22000 | W12: =V12-U12 -> -2450
A13: CAR-112 | B13: Pooja Reddy | C13: Skoda Kushaq | D13: 600 | E13: 2 | F13: 0 | G13: 5 | H13: 1 | I13: 89 | J13: 12.6 | K13: 22 | L13: 0 | M13: =MAX(10, MIN(100, ROUND(100 - (E13*2.5) - (F13*3) - (G13*0.5) - (H13*1.5), 1))) -> 91 | N13: Low Risk | O13: 100 | P13: Good Condition | Q13: 15000 | R13: =ROUND((D13/1000)*2000, 0) -> 1200 | S13: =IF(M13>=80, -3000, IF(M13>=60, 0, 3750)) -> -3000 | T13: =IF(O13>=80, 0, IF(O13>=60, 500, 1500)) -> 0 | U13: =Q13+R13+S13+T13 -> 13200 | V13: 22000 | W13: =V13-U13 -> 8800
... A26: CAR-125 | B26: Nikhil Agarwal | C26: Skoda Slavia | D26: 750 | E26: 2 | F26: 1 | G26: 7 | H26: 1 | I26: 88 | J26: 12.7 | K26: 30 | L26: 0 | M26: =MAX(10, MIN(100, ROUND(100 - (E26*2.5) - (F26*3) - (G26*0.5) - (H26*1.5), 1))) -> 87 | N26: Low Risk | O26: 100 | P26: Good Condition | Q26: 15000 | R26: =ROUND((D26/1000)*2000, 0) -> 1500 | S26: =IF(M26>=80, -3000, IF(M26>=60, 0, 3750)) -> -3000 | T26: =IF(O26>=80, 0, IF(O26>=60, 500, 1500)) -> 0 | U26: =Q26+R26+S26+T26 -> 13500 | V26: 22000 | W26: =V26-U26 -> 8500

Sheet Scoring & Pricing Logic
A1: Category / Parameter | B1: Sensor / Telematics Input | C1: Weight / Deduction Formula | D1: Business & Pricing Impact
A2: Driving Risk Scoring | B2: Harsh Braking Events | C2: -2.5 pts per incident / 100km | D2: Measures crash probability (Tailgating / Inattention)
A3: Driving Risk Scoring | B3: Speed Limit Violations | C3: -3.0 pts per incident / 100km | D3: Strongest predictor of claim severity
A4: Driving Risk Scoring | B4: Late Night Driving % | C4: -0.5 pts per 1% night travel | D4: 11 PM - 4 AM driving carries 3x accident rate
A5: Driving Risk Scoring | B5: Rapid Acceleration | C5: -1.5 pts per event | D5: Indicates aggressive acceleration & rash behavior
A6: Insurance Tier Tiering | B6: Score >= 80 (Low Risk) | C6: -20% Discount on Base Premium | D6: Rewards safe driving (Pay-How-You-Drive)
A7: Insurance Tier Tiering | B7: Score 60 - 79 (Moderate Risk) | C7: Standard Rate (0% adjustment) | D7: Average driver risk baseline
A8: Insurance Tier Tiering | B8: Score < 60 (High Risk) | C8: +25% Surcharge on Base Premium | D8: Compensates for high loss probability
A9: Vehicle Quality & Health | B9: Battery Voltage (<12.2V) | C9: -25 pts deduction | D9: Early warning for alternator/battery failure
A10: Vehicle Quality & Health | B10: Engine Overheating (>95°C) | C10: -15 to -30 pts deduction | D10: Prevents catastrophic engine failure/warranty claim
A11: Vehicle Quality & Health | B11: Brake Wear (>75%) | C11: -30 pts deduction + ₹1,500 buffer | D11: Immediate safety hazard trigger & servicing alert
A12: Distance Pricing | B12: Monthly Distance KM | C12: ₹2.00 per km (Pay As You Drive) | D12: Low mileage drivers save significantly on premiums

Sheet Executive Summary
A1: Fleet Portfolio KPI | B1: Value / Metric | C1: Business Strategic Insight
A2: Total Fleet Vehicles Monitored | B2: =COUNTA('Fleet Telematics & Risk'!A2:A26) -> 25 | C2: Sample connected vehicle portfolio under active telematics
A3: Average Driving Safety Score | B3: =ROUND(AVERAGE('Fleet Telematics & Risk'!M2:M26), 1) -> 76.4 | C3: Healthy portfolio baseline; 12 drivers eligible for 20% discount
A4: Low Risk Drivers Count (Score >= 80) | B4: =COUNTIF('Fleet Telematics & Risk'!N2:N26, "Low Risk") -> 12 | C4: 48% of drivers benefit from Pay-How-You-Drive incentives
A5: High Risk Drivers Count (Score < 60) | B5: =COUNTIF('Fleet Telematics & Risk'!N2:N26, "High Risk") -> 6 | C5: 24% flagged for aggressive driving; risk surcharge applied
A6: Critical Maintenance Alerts Flagged | B6: =COUNTIF('Fleet Telematics & Risk'!P2:P26, "Critical Maintenance") -> 5 | C6: Immediate inspection prevents roadside breakdowns and severe claims
A7: Total Dynamic Premium Collected (₹) | B7: =SUM('Fleet Telematics & Risk'!U2:U26) -> 435550 | C7: Fair dynamic risk-based revenue stream
A8: Total Safe Driver Savings Delivered (₹) | B8: =SUM('Fleet Telematics & Risk'!W2:W26) -> 114450 | C8: Total customer retention value created through telematics discounts
